1,"Messenger",com.facebook.orca
2,"TikTok",com.zhiliaoapp.musically
3,"SHEIN-Shopping Online",com.zzkko
4,"WhatsApp Messenger",com.whatsapp
5,"Instagram",com.instagram.android
6,"Temu: Shop Like a Billionaire",com.einnovation.temu
7,"Snapchat",com.snapchat.android
8,"Facebook",com.facebook.katana
9,"Cash App",com.squareup.cash
10,"Telegram",org.telegram.messenger
11,"Threads, an Instagram app",com.instagram.barcelona
12,"Max: Stream HBO, TV, & Movies",com.wbd.stream
13,"Pinterest",com.pinterest
14,"CapCut - Video Editor",com.lemon.lvoverseas
15,"PayPal - Send, Shop, Manage",com.paypal.android.p2pmobile
16,"Tubi: Movies & Live TV",com.tubitv
17,"Walmart: Shopping & Savings",com.walmart.android
18,"Netflix",com.netflix.mediaclient
19,"TextNow: Call + Text Unlimited",com.enflick.android.TextNow
20,"Life360: Live Location Sharing",com.life360.android.safetymapd
21,"Spotify: Music and Podcasts",com.spotify.music
22,"McDonald's",com.mcdonalds.app
23,"NewsBreak: Local News & Alerts",com.particlenews.newsbreak
24,"Disney+",com.disney.disneyplus
25,"Facebook Lite",com.facebook.lite
26,"GIF Maker Pro",com.make.gif.pro
27,"AliExpress",com.alibaba.aliexpresshd
28,"DoorDash - Food Delivery",com.dd.doordash
29,"Amazon Prime Video",com.amazon.avod.thirdpartyclient
30,"Discord: Talk, Chat & Hang Out",com.discord
31,"Talkie: Soulful Character AI",com.weaver.app.prod
32,"Emoji Stitch",com.emojimaker.emojistitch
33,"QR & Barcode Scanner",com.gamma.scan
34,"Hulu: Stream TV shows & movies",com.hulu.plus
35,"X",com.twitter.android
36,"ChatGPT",com.openai.chatgpt
37,"Indeed Job Search",com.indeed.android.jobsearch
38,"PDF Reader - PDF Viewer",pdf.pdfreader.viewer.editor.free
39,"Easy Homescreen",easy.launcher
40,"Pluto TV: Watch TV & Movies",tv.pluto.android
41,"Peacock TV: Stream TV & Movies",com.peacocktv.peacockandroid
42,"Local News: Breaking & Latest",com.novanews.localnews.en
43,"Amazon Shopping",com.amazon.mShop.android.shopping
44,"Uber - Request a ride",com.ubercab
45,"Neku: OC character creator",com.stickermobi.avatarmaker
46,"The Roku App (Official)",com.roku.remote
47,"Daily Forecast: Weather&Radar",com.daily.forecast.weather.radar
48,"Wendy's",com.wendys.nutritiontool
49,"MLB",com.bamnetworks.mobile.android.gameday.atbat
50,"WiFi Password Map Instabridge",com.instabridge.android
51,"Google Translate",com.google.android.apps.translate
52,"Pocket FM: Audio Series",com.radio.pocketfm
53,"Lyft",me.lyft.android
54,"Zoom - One Platform to Connect",us.zoom.videomeetings
55,"Chime – Mobile Banking",com.onedebit.chime
56,"Alibaba.com - B2B marketplace",com.alibaba.intl.android.apps.poseidon
57,"Paramount+",com.cbs.app
58,"Proxy Browser",proxy.browser.unblock.sites.proxybrowser.unblocksites
59,"Samsung Smart Switch Mobile",com.sec.android.easyMover
60,"Blood Pressure",com.bpfit.bloodpressure.health
61,"Duolingo: Language Lessons",com.duolingo
62,"X PhotoKit",com.xphotokit.app
63,"Venmo",com.venmo
64,"Control Center Simple",com.tools.control.center.simplecontrol
65,"YouTube Kids",com.google.android.apps.youtube.kids
66,"Pandora - Music & Podcasts",com.pandora.android
67,"Truth Social",com.truthsocial.android.app
68,"TurboTax: File Your Tax Return",com.intuit.turbotax.mobile
69,"Zelle",com.zellepay.zelle
70,"Reddit",com.reddit.frontpage
71,"Uber Eats: Food Delivery",com.ubercab.eats
72,"AI Mail Home",com.applabstudios.ai.mail.homescreen.inbox
73,"ABPV America’s best pics&vids",com.americasbestpics
74,"Taco Bell Fast Food & Delivery",com.tacobell.ordering
75,"Beat Maker Pro - DJ Drum Pad",com.mwm.sampler
76,"Zedge™ Wallpapers & Ringtones",net.zedge.android
77,"Move to iOS",com.apple.movetoios
78,"YouTube TV: Live TV & more",com.google.android.apps.youtube.unplugged
79,"Linky: Chat with Characters AI",com.aigc.ushow.ichat
80,"Canva: Design, Photo & Video",com.canva.editor
81,"WhatsApp Business",com.whatsapp.w4b
82,"Health Kit",com.mearsure.heartratepro.manage
83,"Waze Navigation & Live Traffic",com.waze
84,"QR Scanner",com.scannerreader.qrcode.creatorfree
85,"Photoroom AI Photo Editor",com.photoroom.app
86,"Target",com.target.ui
87,"MISTPLAY: Play to Earn Rewards",com.mistplay.mistplay
88,"Microsoft Authenticator",com.azure.authenticator
89,"WEBTOON",com.naver.linewebtoon
90,"DoorDash - Dasher",com.doordash.driverapp
91,"Health Tracker",com.appsky.android.bloodpressure
92,"Blood Pressure App",bloodpressure.bloodpressureapp.bloodpressuretracker
93,"Ticketmaster－Buy, Sell Tickets",com.ticketmaster.mobile.android.na
94,"Cash Giraffe - Play and earn",cashgiraffe.app
95,"OfferUp: Buy. Sell. Letgo.",com.offerup
96,"Capital One Mobile",com.konylabs.capitalone
97,"Lowe's",com.lowes.android
98,"DuckDuckGo Private Browser",com.duckduckgo.mobile.android
99,"Flashlight: Led Torch Light",com.flashalert2017.version1
100,"Microsoft Teams",com.microsoft.teams
101,"Amazon Music: Songs & Podcasts",com.amazon.mp3
102,"Shop: All your favorite brands",com.shopify.arrive
103,"Color Pop - Fun Coloring Games",com.mwm.procolor
104,"Etsy: Home, Style & Gifts",com.etsy.android
105,"eBay: Shop & sell in the app",com.ebay.mobile
106,"ESPN",com.espn.score_center
107,"Artemis: AI Art Generator App",com.artemis.aiart.artgenerator.aicreator.artimages
108,"Twitch: Live Game Streaming",tv.twitch.android.app
109,"Signal Private Messenger",org.thoughtcrime.securesms
110,"Voice Recorder, Audio Recorder",com.recorder.voicerecoder.soundrecoder
111,"Airbnb",com.airbnb.android
112,"Expedia: Hotels, Flights & Car",com.expedia.bookings
113,"Google Wallet",com.google.android.apps.walletnfcrel
114,"Microsoft Edge: AI browser",com.microsoft.emmx
115,"Daily News: Local & Alerts",com.novanews.android.dailynews
116,"PDF Pro - Reader & Maker",com.pdf.pro
117,"AI Mirror: AI Art Photo Editor",com.ai.polyverse.mirror
118,"Nike: Shoes, Apparel & Stories",com.nike.omega
119,"Google Authenticator",com.google.android.apps.authenticator2
120,"The Home Depot",com.thehomedepot
121,"Google Find My Device",com.google.android.apps.adm
122,"One - Mobile Banking",com.onefinance.one
123,"Shazam: Find Music & Concerts",com.shazam.android
124,"Chatbot AI & Smart Assistant",com.codespaceapps.aichat
125,"Air Horn: Funny Prank Sounds",com.airhorn.funny.prank.sounds
126,"Bigo Live - Live Streaming App",sg.bigo.live
127,"Sam's Club",com.rfi.sams.android
128,"SoundCloud: Play Music & Songs",com.soundcloud.android
129,"T Life (T-Mobile Tuesdays)",com.tmobile.tuesdays
130,"ReelShort",com.newleaf.app.android.victor
131,"Ora Clean & Master, Antivirus",clean.master.antivirus.battery.ora
132,"Intuit Credit Karma",com.creditkarma.mobile
133,"Circle K",com.circlek.gmap.na
134,"Instacart: Food delivery today",com.instacart.client
135,"Poly.AI - Create AI Chat Bot",ai.socialapps.speakmaster
136,"Remote for Roku: TV Remote",com.boost.roku.remote
137,"BandLab – Music Making Studio",com.bandlab.bandlab
138,"Bumble Dating App: Meet & Date",com.bumble.app
139,"Vrbo Vacation Rentals",com.vrbo.android
140,"Shield: Antivirus Home Screen",com.applock.launcher
141,"Music Player & MP3 - DDMusic",musicplayer.playmusic.audioplayer
142,"Domino's Pizza USA",com.dominospizza
143,"NordVPN – fast VPN for privacy",com.nordvpn.android
144,"ZEPETO: Avatar, Connect & Play",me.zepeto.main
145,"Crunchyroll",com.crunchyroll.crunchyroid
146,"Local News: 24/7 Coverage",com.opera.app.news.local
147,"YouVersion Bible App + Audio",com.sirma.mobile.bible.android
148,"Firefox Fast & Private Browser",org.mozilla.firefox
149,"Amazon Alexa",com.amazon.dee.app
150,"Ring - Always Home",com.ringapp
151,"King Browser",com.ai.king.browser
152,"Volume Booster - Sound Booster",volumebooster.soundspeaker.louder
153,"U-Haul",com.uhaul.android.myuhaul
154,"Progressive",com.phonevalley.progressive
155,"Nextdoor: Neighborhood network",com.nextdoor
156,"My Spectrum",com.brighthouse.mybhn
157,"Wayfair - Shop All Things Home",com.wayfair.wayfair
158,"ShortTV - Watch Dramas & Shows",live.shorttv.apps
159,"Google Home",com.google.android.apps.chromecast.app
160,"Photo Editor Pro - Polish",photo.editor.photoeditor.photoeditorpro
161,"Pizza Hut - Food Delivery & Ta",com.yum.pizzahut
162,"Upside: Cash Back - Gas & Food",com.upside.consumer.android
163,"Remote Control for TV - All TV",remote.control.tv.universal.forall.roku
164,"Rocket Money - Bills & Budgets",com.truebill
165,"Chase Mobile",com.chase.sig.android
166,"BURGER KING® App",com.emn8.mobilem8.nativeapp.bk
167,"BetterSleep: Sleep tracker",ipnossoft.rma.free
168,"Plex: Stream Movies & TV",com.plexapp.android
169,"All Video Downloader & Player",videoplayer.videodownloader.downloader
170,"Fetch: America’s Rewards App",com.fetchrewards.fetchrewards.hop
171,"Lie Detector Test for Prank",com.lie.detector.test.prank.fingerprintscanner
172,"Zillow: Homes For Sale & Rent",com.zillow.android.zillowmap
173,"Google Pay: Save and Pay",com.google.android.apps.nbu.paisa.user
174,"testerup - earn money",de.empfohlen
175,"Glassdoor | Jobs & Community",com.glassdoor.app
176,"Xbox",com.microsoft.xboxone.smartglass
177,"GPS Camera & Photo Timestamp",com.gpsmapcamera.live.map.geotag.gps
178,"FanDuel Sportsbook & Casino",com.fanduel.sportsbook
179,"NCAA March Madness Live",com.ncaa.mmlive.app
180,"Google Earth",com.google.earth
181,"Dollar General",com.dollargeneral.android
182,"Uber - Driver: Drive & Deliver",com.ubercab.driver
183,"LinkedIn: Jobs & Business News",com.linkedin.android
184,"Tinder Dating App: Meet & Chat",com.tinder
185,"Subway®",com.subway.mobile.subwayapp03
186,"ViX: TV, Deportes y Noticias",com.univision.prendetv
187,"Secure VPN－Safer Internet",com.fast.free.unblock.secure.vpn
188,"PlayStation App",com.scee.psxandroid
189,"DailyBible Lite - KJV Version",com.dailybible.lite
190,"Water Tracker, Calorie Counter",net.uploss.water_app
191,"JustPlay: Earn Money or Donate",com.justplay.app
192,"Chat Master: Prank Story",com.chat.master.prank.master.game
193,"Bank of America Mobile Banking",com.infonow.bofa
194,"CallApp: Caller ID & Block",com.callapp.contacts
195,"Emoji Merge Kitchen - DIY Mix",com.emoji.merge.makeover.diy.mixer.funny
196,"Chick-fil-A®",com.chickfila.cfaflagship
197,"Xfinity",com.xfinity.digitalhome
198,"Adobe Acrobat Reader: Edit PDF",com.adobe.reader
199,"epic.mychart.android",MyChart
200,"Holy Bible - KJV+Verse",bible.kjvbible.audio.plan.verse